rank,run,design,mb_length,helix_frac,ch1_contacts,vl_contacts,geo_contacts,min_fab_clash_a,score,radius_gyration_a,max_span_a
1,stage_a_auto_split_30a_v1,sa_60to85_b000_003,81,0.901,16,9,12.0,2.72,29.408640000000005,11.63,32.6
2,stage_a_auto_split_30a_v1,sa_60to85_b004_001,85,0.988,14,13,13.490737563232042,2.03,27.057562886320706,12.12,36.81
3,stage_a_auto_split_30a_v1,sa_60to85_b004_009,85,0.953,12,12,12.0,2.19,25.04484,14.46,50.46
4,stage_a_auto_split_50a_v1,sa_60to85_b009_008,82,0.951,15,7,10.246950765959598,2.57,25.044264958558873,11.84,36.77
5,stage_a_auto_split_30a_v1,sa_60to85_b000_009,81,0.975,12,9,10.392304845413264,2.26,22.899443726868125,18.19,60.49
6,stage_a_auto_split_30a_v1,sa_60to85_b004_008,85,0.965,15,10,12.24744871391589,1.93,22.81026085723265,12.2,36.41
7,stage_a_auto_split_50a_v1,sa_60to85_b008_008,74,0.959,7,11,8.774964387392123,2.6,21.87949620352352,11.01,36.61
8,stage_a_auto_split_30a_v1,sa_60to85_b007_007,85,0.941,12,7,9.16515138991168,2.4,20.698577898976538,13.62,46.57
9,stage_a_auto_split_30a_v1,sa_60to85_b002_003,68,0.956,5,13,8.06225774829855,2.61,20.116623043244605,10.13,26.57
10,stage_a_auto_split_30a_v1,sa_60to85_b008_003,73,0.863,6,16,9.797958971132712,2.36,19.95530707732657,11.82,35.83
11,stage_a_auto_split_50a_v1,sa_60to85_b001_008,81,0.889,8,10,8.94427190999916,2.49,19.79912974269324,12.29,39.62
12,stage_a_auto_split_30a_v1,sa_60to85_b007_003,85,0.918,6,14,9.16515138991168,2.33,19.60370891393769,12.15,38.46
13,stage_a_auto_split_30a_v1,sa_60to85_b000_002,81,0.951,5,13,8.06225774829855,2.51,19.244689867766116,13.56,44.19
14,stage_a_auto_split_50a_v1,sa_60to85_b006_006,70,0.9,10,7,8.366600265340756,2.47,18.598952389852503,11.54,34.3
15,stage_a_auto_split_30a_v1,sa_60to85_b007_009,85,0.929,7,14,9.899494936611665,2.0,18.393261592224476,12.99,42.45
16,stage_a_auto_split_50a_v1,sa_60to85_b009_004,82,0.939,11,13,11.958260743101398,1.63,18.302955145568706,11.42,36.08
17,stage_a_auto_split_50a_v1,sa_40to55_b006_001,51,0.902,10,8,8.94427190999916,2.26,18.233077173971488,11.89,36.6
18,stage_a_auto_split_30a_v1,sa_60to85_b002_007,68,0.912,13,8,10.198039027185569,1.94,18.043186490018883,11.24,34.8
19,stage_a_auto_split_30a_v1,sa_40to55_b003_008,43,0.93,9,7,7.937253933193772,2.4,17.715950778888498,10.78,34.22
20,stage_a_auto_split_30a_v1,sa_60to85_b003_006,65,0.954,8,9,8.48528137423857,2.18,17.647009379631438,11.37,34.38
21,stage_a_auto_split_30a_v1,sa_60to85_b009_006,81,0.938,7,11,8.774964387392123,2.14,17.61416151409996,11.35,31.88
22,stage_a_auto_split_50a_v1,sa_60to85_b005_005,82,0.915,6,10,7.745966692414834,2.46,17.43539642795655,11.28,30.73
23,stage_a_auto_split_30a_v1,sa_60to85_b001_005,70,0.857,12,7,9.16515138991168,2.21,17.358521777951022,13.07,42.13
24,stage_a_auto_split_30a_v1,sa_60to85_b004_007,85,0.965,6,8,6.928203230275509,2.51,16.781147454211823,12.22,37.88
25,stage_a_auto_split_50a_v1,sa_60to85_b001_009,81,0.938,12,4,6.928203230275509,2.56,16.636555852795972,13.6,48.16
26,stage_a_auto_split_50a_v1,sa_40to55_b009_006,48,0.896,7,7,7.0,2.56,16.05632,10.87,33.3
27,stage_a_auto_split_50a_v1,sa_40to55_b004_003,40,0.975,5,5,5.0,3.25,15.84375,10.58,33.81
28,stage_a_auto_split_30a_v1,sa_60to85_b003_000,65,0.985,8,7,7.483314773547883,2.14,15.774079211161583,14.93,48.85
29,stage_a_auto_split_50a_v1,sa_60to85_b001_000,81,0.951,5,5,5.0,3.21,15.263549999999999,10.96,33.62
30,stage_a_auto_split_30a_v1,sa_60to85_b002_000,68,0.956,9,6,7.3484692283495345,2.17,15.244546383595676,12.48,41.78
31,stage_a_auto_split_30a_v1,sa_60to85_b009_003,81,0.926,9,4,6.0,2.74,15.223440000000002,12.12,39.49
32,stage_a_auto_split_50a_v1,sa_60to85_b003_009,80,0.95,10,3,5.477225575051661,2.9,15.089756459267326,12.02,36.85
33,stage_a_auto_split_50a_v1,sa_60to85_b009_002,82,0.988,8,7,7.483314773547883,2.03,15.008835442418574,11.67,35.31
34,stage_a_auto_split_30a_v1,sa_60to85_b005_007,79,0.873,6,7,6.48074069840786,2.63,14.879715836137462,12.19,37.54
35,stage_a_helical_v5,sa_60to85_b008_005,85,0.965,6,5,5.477225575051661,2.74,14.482332142994098,12.11,35.07
36,stage_a_helical_v5,sa_60to85_b008_007,85,0.941,7,8,7.483314773547883,2.04,14.365270371893457,12.53,37.7
37,stage_a_auto_split_50a_v1,sa_60to85_b007_001,66,0.924,5,8,6.324555320336759,2.39,13.966894987218888,10.54,30.59
38,stage_a_auto_split_40a_v1,sa_40to55_b003_000,42,0.929,6,4,4.898979485566356,3.06,13.926524942798903,10.51,32.37
39,stage_a_auto_split_50a_v1,sa_60to85_b009_005,82,0.976,6,7,6.48074069840786,2.17,13.725690339971974,11.77,33.69
40,stage_a_auto_split_30a_v1,sa_60to85_b009_007,81,0.951,12,3,6.0,2.39,13.63734,10.89,31.9
41,stage_a_auto_split_30a_v1,sa_60to85_b001_004,70,0.971,7,8,7.483314773547883,1.87,13.58797846636504,12.11,38.67
42,stage_a_auto_split_30a_v1,sa_60to85_b004_006,85,0.976,5,8,6.324555320336759,2.18,13.456629863974117,12.3,36.09
43,stage_a_auto_split_50a_v1,sa_60to85_b002_002,65,0.908,6,9,7.3484692283495345,1.95,13.011199615715686,11.76,37.95
44,stage_a_auto_split_50a_v1,sa_60to85_b004_004,60,0.983,4,6,4.898979485566356,2.68,12.90606751595543,10.78,31.76
45,stage_a_auto_split_30a_v1,sa_40to55_b006_006,54,0.907,4,8,5.656854249492381,2.46,12.621686338552388,9.74,28.16
46,stage_a_helical_v5,sa_60to85_b005_009,80,0.988,10,3,5.477225575051661,2.32,12.554677374110414,11.26,32.56
47,stage_a_auto_split_30a_v1,sa_40to55_b006_007,54,0.926,5,6,5.477225575051661,2.46,12.476900770944683,9.73,28.3
48,stage_a_auto_split_30a_v1,sa_40to55_b002_001,52,0.885,5,9,6.708203932499369,2.08,12.34846179894484,9.84,29.64
49,stage_a_auto_split_50a_v1,sa_60to85_b007_000,66,0.985,7,3,4.58257569495584,2.72,12.277636801925686,11.91,40.71
50,stage_a_auto_split_30a_v1,sa_60to85_b008_006,73,0.973,5,9,6.708203932499369,1.88,12.270914961485145,10.97,30.09
51,stage_a_auto_split_30a_v1,sa_60to85_b009_001,81,0.901,6,4,4.898979485566356,2.78,12.270865835856897,12.78,43.81
52,stage_a_auto_split_30a_v1,sa_60to85_b007_004,85,0.918,5,9,6.708203932499369,1.99,12.254681107968498,11.93,36.53
53,stage_a_v2_40a,sa_60to85_b002_008,76,0.882,7,4,5.291502622129181,2.61,12.181144866193817,12.02,36.07
54,stage_a_auto_split_50a_v1,sa_60to85_b006_005,70,0.914,6,4,4.898979485566356,2.7,12.089701574480655,11.48,34.2
55,stage_a_auto_split_30a_v1,sa_60to85_b001_001,70,0.957,10,3,5.477225575051661,2.28,11.951087115739723,13.23,46.03
56,stage_a_auto_split_30a_v1,sa_40to55_b007_000,53,0.868,4,7,5.291502622129181,2.55,11.712211903820728,9.88,27.58
57,stage_a_auto_split_50a_v1,sa_60to85_b008_004,74,0.919,4,5,4.47213595499958,2.8,11.507700239404919,10.57,29.94
58,stage_a_auto_split_40a_v1,sa_40to55_b003_001,42,0.952,3,6,4.242640687119285,2.84,11.470742772950667,10.66,31.9
59,stage_a_helical_v5,sa_60to85_b004_002,75,0.893,7,3,4.58257569495584,2.73,11.17181546097589,11.64,34.98
60,stage_a_auto_split_50a_v1,sa_60to85_b006_004,70,0.986,7,4,5.291502622129181,2.11,11.008759545234875,9.99,30.13
61,stage_a_helical_v5,sa_60to85_b008_000,85,0.929,7,3,4.58257569495584,2.5,10.643032051534938,11.64,38.73
62,stage_a_v2_30a,sa_60to85_b000_007,82,0.915,9,5,6.708203932499369,1.72,10.557371348967507,11.71,33.07
63,stage_a_auto_split_50a_v1,sa_40to55_b002_006,43,0.907,6,4,4.898979485566356,2.32,10.308628592708148,10.99,36.71
64,stage_a_auto_split_30a_v1,sa_60to85_b008_001,73,0.932,5,7,5.916079783099616,1.86,10.255642625598847,12.79,39.2
65,stage_a_helical_v5,sa_60to85_b002_006,74,0.973,5,4,4.47213595499958,2.35,10.225762467904287,10.68,28.87
66,stage_a_helical_v5,sa_60to85_b005_003,80,0.9,4,5,4.47213595499958,2.46,9.90130900436907,11.43,33.55
67,stage_a_auto_split_50a_v1,sa_60to85_b006_003,70,0.914,6,4,4.898979485566356,2.2,9.85086794957683,11.38,34.55
68,stage_a_auto_split_50a_v1,sa_60to85_b002_001,65,0.969,3,6,4.242640687119285,2.39,9.825573993706424,11.24,35.6
69,stage_a_auto_split_30a_v1,sa_60to85_b003_004,65,0.923,6,5,5.477225575051661,1.94,9.807629659199005,11.0,37.05
70,stage_a_auto_split_50a_v1,sa_60to85_b008_009,74,0.932,6,3,4.242640687119285,2.48,9.806269978580032,11.3,34.62
71,stage_a_auto_split_50a_v1,sa_60to85_b003_005,80,0.963,7,5,5.916079783099616,1.68,9.571270516289882,11.67,37.92
72,stage_a_auto_split_30a_v1,sa_40to55_b000_002,48,0.875,5,10,7.0710678118654755,1.54,9.528263876488728,9.3,24.43
73,stage_a_auto_split_50a_v1,sa_60to85_b001_006,81,0.938,8,5,6.324555320336759,1.54,9.135946651332855,11.56,34.38
74,stage_a_auto_split_30a_v1,sa_40to55_b001_005,46,0.935,3,4,3.4641016151377544,2.81,9.10140737853218,9.29,25.91
75,stage_a_helical_v5,sa_60to85_b000_006,81,0.889,3,5,3.872983346207417,2.6,8.952013706423823,11.33,33.16
76,stage_a_helical_v5,sa_60to85_b004_005,75,0.96,6,5,5.477225575051661,1.67,8.781088041922823,11.1,37.13
77,stage_a_helical_v5,sa_60to85_b001_003,84,0.976,3,5,3.872983346207417,2.32,8.769673650484377,11.35,31.21
78,stage_a_auto_split_30a_v1,sa_40to55_b009_008,53,0.887,3,6,4.242640687119285,2.33,8.768307934476297,9.29,25.22
79,stage_a_auto_split_50a_v1,sa_40to55_b008_004,48,0.917,4,8,5.656854249492381,1.69,8.766596736065827,11.73,38.22
80,stage_a_auto_split_30a_v1,sa_40to55_b009_007,53,0.925,3,5,3.872983346207417,2.44,8.741323412390141,9.64,28.15
81,stage_a_v2_40a,sa_40to55_b001_003,52,0.942,4,3,3.4641016151377544,2.66,8.680068699082975,9.96,29.7
82,stage_a_v2_30a,sa_60to85_b007_008,83,1.0,6,3,4.242640687119285,2.0,8.48528137423857,11.37,35.74
83,stage_a_auto_split_50a_v1,sa_60to85_b000_004,67,0.851,3,5,3.872983346207417,2.49,8.206812980780056,10.32,28.58
84,stage_a_v2_40a,sa_60to85_b003_003,68,0.985,4,3,3.4641016151377544,2.37,8.086772015458331,10.38,27.79
85,stage_a_v2_50a,sa_60to85_b006_000,81,0.938,5,3,3.872983346207417,2.13,7.737988346721646,11.21,30.8
86,stage_a_helical_v5,sa_60to85_b005_004,80,0.925,3,4,3.4641016151377544,2.39,7.658262645665791,12.08,34.19
87,stage_a_auto_split_30a_v1,sa_40to55_b003_003,43,0.86,6,3,4.242640687119285,2.09,7.625722371028202,10.52,33.8
88,stage_a_auto_split_30a_v1,sa_40to55_b008_000,50,0.88,4,6,4.898979485566356,1.74,7.501317388299205,9.37,27.45
89,stage_a_v2_40a,sa_40to55_b008_007,49,0.878,5,4,4.47213595499958,1.89,7.421151846445402,9.6,27.36
90,stage_a_auto_split_30a_v1,sa_40to55_b008_008,50,0.86,5,4,4.47213595499958,1.91,7.34593051968231,9.45,29.53
91,stage_a_auto_split_30a_v1,sa_60to85_b003_008,65,0.908,4,3,3.4641016151377544,2.33,7.3287919410500395,11.03,32.9
92,stage_a_auto_split_50a_v1,sa_40to55_b008_001,48,1.0,5,3,3.872983346207417,1.83,7.087559523559573,11.83,37.71
93,stage_a_auto_split_30a_v1,sa_40to55_b007_007,53,0.887,3,6,4.242640687119285,1.8,6.77380012105465,10.19,30.89
94,stage_a_auto_split_30a_v1,sa_40to55_b007_004,53,0.925,3,3,3.0,2.19,6.07725,8.98,24.25
95,stage_a_helical_v5,sa_60to85_b004_000,75,0.92,3,5,3.872983346207417,1.64,5.843557272757751,11.21,37.62
96,stage_a_v2_30a,sa_40to55_b007_006,53,0.906,5,3,3.872983346207417,1.58,5.544098200428994,9.47,25.72
